[
    { "name": "Flour", "quantity": 5000, "unit" : "grams" },
    { "name": "Water", "quantity": 10000 , "unit" : "ml" },
    { "name": "Yeast", "quantity": 50, "unit" : "grams" },
    { "name": "Salt", "quantity": 1000, "unit" : "grams" },
    { "name": "Sugar", "quantity": 1000, "unit" : "grams" },
    { "name": "Butter", "quantity": 250, "unit" : "grams" },
    { "name": "Eggs", "quantity": 2, "unit" : "large" },
    { "name": "Milk", "quantity": 2000, "unit" : "ml" },
    { "name": "Olive Oil", "quantity": 1000, "unit" : "ml" },
    { "name": "Baking Powder", "quantity": 100, "unit" : "grams" },
    { "name": "Vanilla Extract", "quantity": 50, "unit" : "ml" },
    { "name": "Cocoa Powder", "quantity": 200, "unit" : "grams" },
    { "name": "Chocolate Chips", "quantity": 500, "unit" : "grams" },
    { "name": "Honey", "quantity": 500, "unit" : "grams" },
    { "name": "Lemon Juice", "quantity": 200, "unit" : "ml" },
    { "name": "Baking Soda", "quantity": 250, "unit" : "grams" }
]